﻿web-scraper-order,web-scraper-start-url,links,links-href,headlines,content
1577257715-4823,https://indianexpress.com/section/entertainment/page/501/,"Koffee With Karan 6 preview: Kartik Aaryan, Kriti Sanon to open up on their newfound stardom",https://indianexpress.com/article/entertainment/television/koffee-with-karan-6-kartik-aaryan-kriti-sanon-5576562/,"Koffee With Karan 6 preview: Kartik Aaryan, Kriti Sanon to open up on their newfound stardom",Luka Chuppi actors Kartik Aaryan and Kriti Sanon will grace the much-desired Koffee couch in today’s episode of popular celebrity chat show Koffee With Karan season 6.
1577257723-4827,https://indianexpress.com/section/entertainment/page/501/,"UMG pre-Grammy showcase features Post Malone, BLACKPINK, YG",https://indianexpress.com/article/entertainment/music/umg-pre-grammy-showcase-features-post-malone-blackpink-yg-5577068/,"UMG pre-Grammy showcase features Post Malone, BLACKPINK, YG","Post Malone, who is competing for record and album of the year Grammys, closed out Universal Music Group’s annual pre-Grammy showcase, which was also highlighted by YG dissing President Donald Trump and K-pop sensation BLACKPINK, who made their U.S. debut performance."
1577257727-4829,https://indianexpress.com/section/entertainment/page/501/,YouTube star Lilly Singh shares new photos from Priyanka-Nick’s fun Haldi ceremony,https://indianexpress.com/article/entertainment/bollywood/youtube-sensation-lilly-singh-shares-new-photos-from-priyanka-chopra-nick-jonas-fun-haldi-ceremony-5577116/,YouTube star Lilly Singh shares new photos from Priyanka-Nick’s fun Haldi ceremony,"Priyanka Chopra and Nick Jonas’ wedding was one of the biggest events that took place last year. The couple, who tied the knot in December, kept their wedding ceremonies quite private but also teased their fans by releasing photos from their Christian and Indian wedding one after another. While we have had a sneak-peek into the royal Christian and grand Indian weddings, Indo-Canadian YouTube sensation Lilly Singh aka Superwoman, who was one of the celeb guests at the private wedding affair, shared a couple of never-seen-before photos of Priyanka and Nick from their Haldi ceremony."
1577257713-4822,https://indianexpress.com/section/entertainment/page/501/,My Name Is RaGa teaser: This Rahul Gandhi biopic looks like a parody,https://indianexpress.com/article/entertainment/bollywood/my-name-is-raga-teaser-rahul-gandhi-biopic-feels-like-parody-5577002/,My Name Is RaGa teaser: This Rahul Gandhi biopic looks like a parody,"Indian cinema has seen a flurry of politics-tinged biographical films of late. I say tinged because they have only a faint connection to actual events. They are dramas first, political biopics later. Not long after Anupam Kher starrer Dr Manmohan Singh biopic, The Accidental Prime Minister and Nawazuddin Siddiqui’s Thackeray, a teaser for My Name Is RaGa has been released."
1577257700-4816,https://indianexpress.com/section/entertainment/page/501/,Director Bala reveals why he is no longer helming Varmaa,https://indianexpress.com/article/entertainment/tamil/director-bala-reveals-why-he-is-no-longer-helming-varmaa-5576750/,Director Bala reveals why he is no longer helming Varmaa,National Award-winning director Bala on Saturday said he relieved himself from Varmaa ‘in order to safeguard creative freedom’.
1577257689-4811,https://indianexpress.com/section/entertainment/page/501/,Inside the mind of a Bollywood brand strategist,https://indianexpress.com/article/entertainment/bollywood/bollywood-brand-strategist-prabhat-choudhary-5576445/,Inside the mind of a Bollywood brand strategist,"Meet Prabhat Choudhary. The 39-year-old is the man behind Baahubali’s phenomenal success, unconventional launch of Sara Ali Khan, the DeepVeer wedding, and is someone whose job is to manage the media interests of India’s biggest stars."
1577257693-4813,https://indianexpress.com/section/entertainment/page/501/,Mammootty starrer Yatra leaked online by Tamilrockers,https://indianexpress.com/article/entertainment/telugu/yatra-leaked-online-by-tamilrockers-5576558/,Mammootty starrer Yatra leaked online by Tamilrockers,"Telugu movie Yatra, starring Mammootty, has been leaked online by piracy website Tamilrockers."
1577257717-4824,https://indianexpress.com/section/entertainment/page/501/,"Baa Bahoo Aur Baby actor Benaf Dadachandji ties the knot; Rubina Dilaik, Srishty Rode celebrate",https://indianexpress.com/article/entertainment/television/rubina-dilaik-sharad-kelkar-srishty-rode-at-benaf-dadachandji-wedding-reception-photos-5577012/,"Baa Bahoo Aur Baby actor Benaf Dadachandji ties the knot; Rubina Dilaik, Srishty Rode celebrate","Baa Bahoo Aur Baby actor Benaf Dadachandji recently tied the knot with her longtime beau Norman. The two had been dating each other for nine years before making things official. Benaf, who rose to fame with her television stint, kept her personal life under wraps. After getting hitched, Benaf hosted a private reception in Mumbai, which was attended by many of her friends from the industry. Celebrities like Rubina Dilaik and her actor-husband Abhinav Shukla, Sharad Kelkar with wife Keerti Kelkar, Srishty Rode, Raqesh Bapat, Ridhi Dogra and others attended the bash."
1577257687-4810,https://indianexpress.com/section/entertainment/page/501/,Sonam Kapoor’s Ek Ladki Ko Dekha Toh Aisa Laga to be part of Oscar library,https://indianexpress.com/article/entertainment/bollywood/sonam-kapoor-ek-ladki-ko-dekha-toh-aisa-laga-to-be-part-of-oscar-library-5576459/,Sonam Kapoor’s Ek Ladki Ko Dekha Toh Aisa Laga to be part of Oscar library,Actor Sonam Kapoor on Saturday said she is “overwhelmed” with the news of her latest release Ek Ladki Ko Dekha Toh Aisa Laga being considered by Academy of Motion Picture Arts & Sciences (AMPAS) to be included in Oscar library.
1577257704-4818,https://indianexpress.com/section/entertainment/page/501/,"Heckled during speech at National Gallery of Modern Art, Amol Palekar raises concern over censorship",https://indianexpress.com/article/entertainment/entertainment-others/amol-palekar-raises-concern-over-censorship-5576827/,"Heckled during speech at National Gallery of Modern Art, Amol Palekar raises concern over censorship","Mumbai’s art world became embroiled in a free speech crisis as actor and filmmaker Amol Palekar raised concerns over “censorship” at the repeated interruptions of his speech at the opening of an exhibition at the National Gallery of Modern Art (NGMA) in Mumbai. The actor was addressing ‘Inside the Empty Box’, a retrospective on the artist Prabhakar Barwe."
1577257691-4812,https://indianexpress.com/section/entertainment/page/501/,Madhavan goes location hunting in Georgia for Rocketry The Nambi Effect,https://indianexpress.com/article/entertainment/tamil/madhavan-location-hunting-in-georgia-for-rocketry-the-nambi-effect-5576360/,Madhavan goes location hunting in Georgia for Rocketry The Nambi Effect,Actor Madhavan is all set to direct and act in former ISRO rocket scientist Nambi Narayanan’s biopic titled Rocketry: The Nambi Effect. The actor is busy scouting for locations in the east European country Georgia.
1577257721-4826,https://indianexpress.com/section/entertainment/page/501/,The Kapil Sharma Show: Super Dancer 3 judges have a blast on the sets,https://indianexpress.com/article/entertainment/television/the-kapil-sharma-show-super-dancer-3-shilpa-shetty-anurag-basu-5577010/,The Kapil Sharma Show: Super Dancer 3 judges have a blast on the sets,"After hosting Gully Boy actors Ranveer Singh and Alia Bhatt, Kapil Sharma will welcome Super Dancer 3’s judges– Shilpa Shetty, Geeta Kapur and Anurag Basu– on The Kapil Sharma Show tonight."
1577257695-4814,https://indianexpress.com/section/entertainment/page/501/,Hindi film actor Mahesh Anand passes away,https://indianexpress.com/article/entertainment/bollywood/actor-mahesh-anand-dead-5576619/,Hindi film actor Mahesh Anand passes away,"Actor Mahesh Anand was found dead at his Mumbai residence on Saturday, reported ANI. He was 57."
1577257706-4819,https://indianexpress.com/section/entertainment/page/501/,Ek Ladki Ko Dekha Toh Aisa Laga producer Vidhu Vinod Chopra: Have never pandered to what viewers want,https://indianexpress.com/article/entertainment/bollywood/ek-ladki-ko-dekha-toh-aisa-laga-response-vidhu-vinod-chopra-parinda-5576950/,Ek Ladki Ko Dekha Toh Aisa Laga producer Vidhu Vinod Chopra: Have never pandered to what viewers want,"Vidhu Vinod Chopra, who recently bankrolled Ek Ladki Ko Dekha Toh Aisa Laga, said the one thing that will always help a storyteller is staying true to oneself."
1577257725-4828,https://indianexpress.com/section/entertainment/page/501/,Do Bryan Singer allegations hurt Bohemian Rhapsody’s Oscar chances?,https://indianexpress.com/article/entertainment/hollywood/do-bryan-singer-allegations-hurt-bohemian-rhapsody-oscar-chances-5577112/,Do Bryan Singer allegations hurt Bohemian Rhapsody’s Oscar chances?,"Director Bryan Singer hasn’t been involved with the Queen biopic Bohemian Rhapsody for over a year, but with a fresh exposé alleging that he sexually assaulted minors and the British Academy of Film and Television Arts “suspending” his nomination, will he be the film’s Oscars Achilles heel?"
1577257710-4821,https://indianexpress.com/section/entertainment/page/501/,Velvet Buzzsaw movie review: A bizarre take on the art world where nothing is sacred except the artist,https://indianexpress.com/article/entertainment/web-series/velvet-buzzsaw-review-jake-gyllenhaal-5576993/,Velvet Buzzsaw movie review: A bizarre take on the art world where nothing is sacred except the artist,“What is the point of art if nobody sees it?”
1577257697-4815,https://indianexpress.com/section/entertainment/page/501/,Grammy weekend kicks off with honour for Dolly Parton,https://indianexpress.com/article/entertainment/music/dolly-parton-grammy-awards-2019-5576591/,Grammy weekend kicks off with honour for Dolly Parton,"Nobody pokes more fun at Dolly Parton — all hair, sequins, nine-inch nails and five-inch stilettos — than the country superstar herself."
1577257719-4825,https://indianexpress.com/section/entertainment/page/501/,Priyanka Chopra and Nick Jonas celebrate Grammy weekend,https://indianexpress.com/article/entertainment/bollywood/priyanka-chopra-and-nick-jonas-celebrate-grammy-weekend-5576965/,Priyanka Chopra and Nick Jonas celebrate Grammy weekend,"Newlyweds Priyanka Chopra and Nick Jonas are all set for Grammy Awards 2019. The couple was clicked with Canadian singer-songwriter Shawn Mendes, known for “Writing’s On The Wall” song from Daniel Craig’s James Bond film, Spectre."
1577257708-4820,https://indianexpress.com/section/entertainment/page/501/,Anupam Kher on Kangana Ranaut: She is a real example of women empowerment,https://indianexpress.com/article/entertainment/bollywood/anupam-kher-supports-kangana-ranaut-calls-her-real-example-of-women-empowerment-5576951/,Anupam Kher on Kangana Ranaut: She is a real example of women empowerment,"Anupam Kher has come out in support of Manikarnika: The Queen of Jhansi star Kangana Ranaut, lauding her courage and calling her “the real example of women empowerment”. Ranaut had accused Bollywood of ganging up against her because of her outspokenness about nepotism in the film industry. She had specifically called out Aamir Khan and Alia Bhatt for not supporting Manikarnika."
1577257702-4817,https://indianexpress.com/section/entertainment/page/501/,69th Berlin International Film Festival Day 2: From System Crasher to By The Grace Of God,https://indianexpress.com/article/entertainment/69th-berlin-international-film-festival-day-2-from-system-crasher-to-by-the-grace-of-god-5576794/,69th Berlin International Film Festival Day 2: From System Crasher to By The Grace Of God,"There is something about Benni. She hates her full name, the staid-sounding Bernadette. She hates everything and everyone around her. The only person she has any love for is her mother, a woman who cannot reciprocate."
