﻿web-scraper-order,web-scraper-start-url,link,link-href,headlines,content
1576777497-356,https://www.indiatimes.com/seoarchive/technology/pg-2/,This College Dropout's Startup Teaches Coding And Employs Indians In High Pay Global IT Jobs,https://www.indiatimes.com/technology/news/this-college-dropout-from-india-formed-a-startup-that-trains-and-employs-indian-engineers-with-companies-in-the-us-502452.html,This College Dropout's Startup Teaches Coding And Employs Indians In High Pay Global IT Jobs,"India is a land of immense potential, with the highest number of young people in the world, ready to take on the different challenges of the workforce."
1576777487-354,https://www.indiatimes.com/seoarchive/technology/pg-2/,"Apple CEO Tim Cook Feels Smartphones Will Keep Evolving And Get Better, And Best Is Yet To Come",https://www.indiatimes.com/technology/news/apples-tim-cook-feels-the-smartphone-industry-is-yet-to-evolve-and-get-better-502430.html,"Apple CEO Tim Cook Feels Smartphones Will Keep Evolving And Get Better, And Best Is Yet To Come","The decade is almost getting over and we know the one thing that has considerably changed in the last ten years, it has to be the way we communicate -- particularly our phones."
1576777492-355,https://www.indiatimes.com/seoarchive/technology/pg-2/,Scientist Builds Self-Cleaning Surface That Can Repel Bacteria And Save Us From Deadly Diseases,https://www.indiatimes.com/technology/news/this-self-cleaning-surface-can-repel-bacteria-and-prevent-us-from-diseases-like-e-coli-502441.html,Scientist Builds Self-Cleaning Surface That Can Repel Bacteria And Save Us From Deadly Diseases,"In case you didn’t know, germs are everywhere -- and even the surfaces that look the cleanest aren’t spared. These surfaces eventually become breeding grounds for diseases that can severely affect human health. However, some researchers have found a solution to this."
1576777482-353,https://www.indiatimes.com/seoarchive/technology/pg-2/,Rajya Sabha Forms Committee To Study And Ban Porn Content On Websites And Social Media,https://www.indiatimes.com/technology/news/ministers-in-rajya-sabha-form-committee-to-study-and-ban-porn-content-on-websites-and-social-media-502384.html,Rajya Sabha Forms Committee To Study And Ban Porn Content On Websites And Social Media,"More and more child abuse cases are getting surfaced, not to mention the recent spate of rapes. Some members in Rajya Sabha feel that access to pornography is the reason for it."
1576777466-350,https://www.indiatimes.com/seoarchive/technology/pg-2/,Proud Moment For India: ISRO's NAVIC Satellite Navigation System Gets Salute From United States,https://www.indiatimes.com/technology/science-and-future/proud-moment-for-india-as-isros-navic-satellite-now-in-the-united-states-list-of-allied-satellite-services-502310.html,Proud Moment For India: ISRO's NAVIC Satellite Navigation System Gets Salute From United States,"India’s space endeavours have been reaching new heights every day. A few days back ISRO launched a new rocket to space, putting a bunch of satellites in India’s orbit and now, India’s home-grown NAVIC has been designated as allied” navigational satellite system by the United States Congress."
1576777505-357,https://www.indiatimes.com/seoarchive/technology/pg-2/,CEO Got Fired After He Spent Rs 53 Lakh Of Company's Money To Entertain Clients At Strip Clubs,https://www.indiatimes.com/technology/news/ceo-in-the-us-fired-after-he-spent-rs-53-lakhs-from-companys-funds-to-entertain-clients-at-strip-clubs-502460.html,CEO Got Fired After He Spent Rs 53 Lakh Of Company's Money To Entertain Clients At Strip Clubs,"People do crazy, stupid things. However, this CEO of a silicon valley startup took this to a whole new level."
1576777477-352,https://www.indiatimes.com/seoarchive/technology/pg-2/,IIT Madras Student Has Built System Of Smart Garbage Bins Which Send Message When They Get Full,https://www.indiatimes.com/technology/news/this-iit-madras-graduate-has-made-garbage-bins-smarter-using-iot-to-promote-proper-waste-management-502341.html,IIT Madras Student Has Built System Of Smart Garbage Bins Which Send Message When They Get Full,"Waste Management is key for making this planet a better place. From sorting dry-wet waste to sorting recyclable waste with the ones that cannot be recycled; everything is important, but only a few actually do it. However, this device by an IIT Madras graduate tries to solve this problem, by making garbage collection smart."
1576777472-351,https://www.indiatimes.com/seoarchive/technology/pg-2/,Two Young Indians Will Launch Tiny Satellites To Help Farmers Take Better Care Of Their Crops,https://www.indiatimes.com/technology/science-and-future/these-22-year-old-scientists-are-sending-tiny-satellites-in-space-to-help-farmers-take-better-care-of-their-crops-502322.html,Two Young Indians Will Launch Tiny Satellites To Help Farmers Take Better Care Of Their Crops,"When we think of satellites in space our mind first goes to the massive launches that space agencies conduct spending hundreds of crores. In our minds, these satellites are massive with an array of solar panels delivering high tech data from space to the Earth. And this is true for most cases. However, there are independent space agencies too that design satellites on a much smaller scale with similar results."
1576777460-349,https://www.indiatimes.com/seoarchive/technology/pg-2/,Elon Musk Will Set Up A Solar Farm As Big As Noida To Power Entire USA With Clean Energy,https://www.indiatimes.com/technology/news/elon-musk-needs-to-set-up-a-solar-farm-as-big-as-noida-to-power-the-whole-usa-with-renewable-energy-502302.html,Elon Musk Will Set Up A Solar Farm As Big As Noida To Power Entire USA With Clean Energy,"With fossil fuels getting depleted, renewable energy is our only source of energy. Solar energy is one of the most popular and reliable among renewable energy sources."
