﻿web-scraper-order,web-scraper-start-url,link,link-href,headlines,content
1576746163-11,https://timesofindia.indiatimes.com/business,"India pitches for H-1B visa holders, says movement of people deepened ties",https://timesofindia.indiatimes.com/business/india-business/india-pitches-for-h-1b-visa-holders-says-movement-of-people-deepened-ties/articleshow/72880431.cms,"India pitches for H-1B visa holders, says movement of people deepened ties","WASHINGTON: Pitching strongly for H-1B visa holders, external affairs minister S Jaishankar on Wednesday reiterated the significant contribution made by movement of persons in a fair and non-discriminatory manner to the deepening of bilateral ties between India and the United States.




People to people ties have been one of the defining elements of our friendship, Jaishankar told reporters at a joint news conference here with the US secretary of state Mike Pompeo along with the defence minister Rajnath Singh and US defence secretary Mark Esper.
Recommended By Colombia


""We take great pride in the achievements of Indians and Indian Americans in the United States and their contribution to American society, economy and polity,"" he said.



""Trade and services, including the movement of persons in a fair and non-discriminate discriminatory manner has contributed significantly to the deepening of ties,"" Jaishankar said.



Looking forward to working with the US side to nurture and sustain these ties, Jaishankar said the two countries have agreed to take steps to promote better understanding and awareness around among each other's stakeholders who are connected at multiple levels.



""We've arrived at a common intent to facilitate regular exchanges between our parliamentarians and also to provide short-term internship opportunities for aspiring entrepreneurs to through dedicated programmes,"" he said.



He also praised Pompeo for reiterating the US governments support to the Chhabahar project, which he said will immensely benefit Afghanistan. Referring to the ongoing negotiations on the subject of trade, he exuded confidence that they will find a balanced outcome that satisfies both sides. ""India and the United States have an excellent cooperation in science and technology and we have concluded and brought into effect a new agreement that facilitates science and technology cooperation,"" he said.



""We have also today reached an agreement on water resources between our ministry and the US geological survey for collaboration and quality assessment of the management of water,"" the minister said.
Top Comment""India pitches for H-1B visa holders, says movement of people deepened ties"". Hey US please take few more Indians into your country. We cannot hand Too many pakoda entrepreneurs and CHOWKIDAARS.Sarcastic Bee


Pompeo said the US and India are working on a fair and reciprocal trade deal.



""Over the last 24 months, US crude and LNG exports to India have increased by more than $6 billion. That is great for the United States and it is great for India as well. I am especially proud of how we are pursuing a common vision for the region with allies and partners,"" he said."
1576746161-10,https://timesofindia.indiatimes.com/business,Tata Group stocks remain under pressure after NCLAT order,https://timesofindia.indiatimes.com/business/india-business/tata-group-stocks-remain-under-pressure-after-nclat-order/articleshow/72880206.cms,Tata Group stocks remain under pressure after NCLAT order,"New Delhi, Dec 19 () Shares of various Tata Group companies remained under pressure on Thursday as well, falling up to 2 per cent in morning trade, after the National Company Law Appellate Tribunal (NCLAT) restored Cyrus Mistry as Tata Sons Chairman.  Tata Power Company fell 1.62 per cent, Tata Coffee declined 1.52 per cent, Tata Metaliks dipped 1.60 per cent, Tata Steel 1.46 per cent and Tata Communications 1.23 per cent on the BSE in early trade.  The scrip of Tata Global Beverages fell 0.89 per cent, Indian Hotels Company slipped 0.62 per cent, Titan Company 0.46 per cent, Tata Motors 0.37, Tata Investment Corporation 0.14 per cent and Tata Consultancy Services stock fell 0.10 per cent.  However, later some of these scrips such as Tata Motors and TCS bounced back and were trading with gains.  Various group scrips had fallen up to 4 per cent in the previous trade after the order.  In a big win for Cyrus Mistry, a company law appeals court on Wednesday restored him as executive chairman of Tata Sons and ruled that appointment of N Chandrasekaran as head of the holding company of over USD 110 billion salt-to-software conglomerate was illegal.  It, however, stayed the operation of the order with respect to reinstatement for four weeks to allow Tatas to appeal.  Mistry, scion of the wealthy Shapoorji Pallonji family, had in December 2012 succeeded Ratan Tata as the Executive Chairman of Tata Sons, a post that also made him the head of all Tata group listed firms such as Tata Power and Tata Motors.  In an overnight coup, he was removed as the Chairman of Tata Sons in October 2016. Along with him, the entire senior management too was purged and Ratan Tata was back at the helms of affairs four years after he took retirement. SUM ANS ANS"
1576746069-1,https://timesofindia.indiatimes.com/business,Isuzu D-Max V-Cross Z-Prestige review: Is bigger always better?,https://timesofindia.indiatimes.com/business/india-business/isuzu-d-max-v-cross-z-prestige-review-is-bigger-always-better/articleshow/72877683.cms,Isuzu D-Max V-Cross Z-Prestige review: Is bigger always better?,"NEW DELHI: Live life king size. People who believe in the adage and actually follow it would like what I’m driving today. Essentially meant to be an SUV, the manufacturers had some other plans. Sophisticated, not the correct word here, but the Isuzu D-Max V-Cross is built with an intent to serve a utilitarian purpose. However, I feel in India due to a lack of rivals, V-Cross has created a lifestyle niche for itself.




Well, the particular Isuzu isn’t a new name out there, so why are we discussing so much. D-Max V-Cross has evolved, if not bigger but better, as the pick-up steps into the 2019 edition. To begin with, the D-Max V-Cross now gets an exclusive engine with automatic transmission, a few visual changes inside out, a fatter price tag and a new name: Z Prestige. Time for light, camera, action, and reaction:
Recommended By Colombia


 
 


Look and feel:


See it to believe it, how humongous the V-Cross is in flesh. Out on the streets, I used to envy the people behind the wheel of an Isuzu. Well, I’m on the other side of the table today. Almost a 50-50 configuration of front-end SUV and rear-half truck, the D-Max V-Cross features a list of changes across the bodywork. That chrome-laden front grille grins at you sheepishly, with reworked fog lamp unit and headlamp cluster. 



Take a step back, look at the side profile. The V-Cross runs longer than Range Rover Velar or BMW 7 Series. While you admire Isuzu’s generosity in terms of extravagant dimensions, I would quickly take you through the latest inclusion. While those muscular bars are plonked between the cargo and the body, the vehicle gets a new side step, shark-fin antenna and a new pair of shoes. The 18-inches surely seem appropriate, however, the gap between the tyres and wheel arches are (striking) to the eyes.



 
 

I wish my bed was as big as the cargo, in a light vein though. The 235-kilo storage is carpeted with black plastic material. The tailgate is bulky like most other parts. Too many stickers and badges stamped on the rear make it visually engaging and slightly cluttered. Not much to grumble, the design language is mostly retained from the previous generation and is in line with how Isuzu constructs its heavy-duty vehicles.



Before you thumb the starter, let’s have a fish-eye view of the cabin. The dual-tone interior is replaced with an all-black finish. Few engineering changes have been offered inside, like the brown leatherette seats, split glove box, silver inserts and soft-touch material used at several places. It is not as spacious as it appears from outside, comfortably accommodating four adults. 



 
 

The driver’s seat is electrically adjustable with the luxury of the height-adjustable steering wheel. The rear seats offer a very upright posture with limited under-thigh support, (presumably) due to loading space at the rear. The instrument cluster is extremely dated and misses out on Android Auto and Apple CarPlay. No sunroof, AC vent for second-row or scratchy plastic, if you start knit-picking the list is endless. However, you may get a flock of feature-loaded SUVs at a price Z Prestige begs for, not one would be as purposely as the Isuzu.




Let’s take a spin:


Foot on the brake, no clutch pedal, thumb the ignition and allow yourself to witness an immersive experience. Why do I say that? The all-new 1.9-litre diesel engine is mated to a 6-speed automatic torque converter. Power rated at 150hp and 350Nm, the BSIV engine takes a leap of 16hp and 30Nm. 



 
 

Power hike and engine downsize look handsome on the spec-sheet, however, they are not really contributing much to an enhanced driving experience. I do concede short-spaced gear ratios of regular 2.5-litre diesel unit was foot-soaring after a point in time. Now, this automatic gearbox is butter smooth and eases the life in the city. 



Overcoming the initial turbo lag, the engine has a strong mid-range, operating seamlessly in 2,000-3,500 rpm. V-Cross will cruise at triple digits all-day long without much huff and puff. Cabin insulation is an improved area now, however, the NVH levels cause quite an interruption in conversation, when the car is pushed hard towards the redline.



 
 

To sum it up, the mile-munching pick-up houses an extremely refined motor, alongside offering a fairly bumpy ride. Expect the ride to get better when you load the boot to the lip, as the car seems to settle down a bit. During our test run, Z Prestige edition delivered 11 kmpl in the cities and 13.5 kmpl on the highways.


Latest CommentThe name of the vehicle is as long as the vehicle itself !Human Being
Respectable performance aside, V-cross mirrors a decent amount of body roll in bends. Add to that, filtering it through crowded confines is a task cut out. While V-cross features a more comprehensive list of safety standards including hill assist and start-control, traction control and a reverse camera, I was really looking forward to parking sensors - something essential to keep the humorous outfit at a distance from others.




Who is going to buy it?


You may consider two ways of looking at the ex-showroom price of Rs 19.99 lakh. It’s clearly not the most affordable offering. On the other hand, what’s not so apparent, unless you take a test ride, is the superb power train, eased-out drive experience, and priceless delight of owning a mammoth Isuzu. While buying it or not is solely your choice, Isuzu currently provides something no else does. Enjoy exclusivity!"
1576746158-9,https://timesofindia.indiatimes.com/business,RBI-MONEY MARKET OPERATION,https://timesofindia.indiatimes.com/business/india-business/rbi-money-market-operation/articleshow/72880161.cms,RBI-MONEY MARKET OPERATION,"Mumbai, Dec 19 () Money Market Operations as on Dec 18,2019 (Amount in ? billion, Rate in Per cent) MONEY MARKETS @Volume (One Leg)Weighted Average RateRange A. Overnight Segment (I+II+III+IV) 294,841.544.882.50-5.25 I. Call Money 13,948.675.063.60-5.25 II. Triparty Repo210,568.454.894.82-5.25 III. Market Repo 70,324.424.812.50-5.05 IV. Repo in Corporate Bond 0.00- B. Term Segment I. Notice Money**  204.854.774.00-5.25 II. Term Money@@  283.68-4.90-5.50 III. Triparty Repo  200.005.005.00-5.00 IV. Market Repo  400.004.844.25-5.65 V. Repo in Corporate Bond 0.00- RBI OPERATIONS@ Auction DateTenor (Days)Maturity DateAmount OutstandingCurrent Rate / Cut off Rate C. Liquidity Adjustment Facility (LAF)  (i) Repo (Fixed Rate) Wed, 18/12/20191Thu, 19/12/20193,644.005.15  (ii) Repo (Variable rate)  (ii.a) Regular 14-day Fri, 06/12/201914Fri, 20/12/201910,400.005.16 Tue, 10/12/201914Tue, 24/12/20195,000.005.16 Fri, 13/12/201914Fri, 27/12/20192,200.005.16 Tue, 17/12/201914Tue, 31/12/20194,000.005.16  (ii.b) Others-----  (iii) Reverse Repo (Fixed rate)  (iii.a) Reverse Repo (Regular) Wed, 18/12/20191Thu, 19/12/201922,785.004.90  (iii.b) Reverse Repo (Additional)& Wed, 18/12/20191Thu, 19/12/20195,322.004.90  (iv) Reverse Repo (Variable rate) Wed, 18/12/20191Thu, 19/12/2019240,292.005.14 D. Marginal Standing Facility (MSF)   (i) MSF (Regular) Wed, 18/12/20191Thu, 19/12/20194,405.005.40   (ii) MSF (Additional)& Wed, 18/12/20191Thu, 19/12/2019  0.005.40 E. Standing Liquidity Facility (SLF) Availed from RBI $ 1,403 F. Net liquidity injected [injection (+)/absorption (-)] * -2,37,347 RESERVE POSITION @ G. Cash Reserves Position of Scheduled Commercial Banks (i) Cash balances with RBI as on # 18/12/2019 531,694.05 (ii) Average daily cash reserve requirement for the fortnight ending  20/12/2019 529,022.00 H. Government of India Surplus Cash Balance Reckoned for Auction as on   18/12/20190.00 @ Based on Reserve Bank of India (RBI) / Clearing Corporation of India Limited (CCIL). - Not Applicable / No Transaction ** Relates to uncollateralized transactions of 2 to 14 days tenor. @@ Relates to uncollateralized transactions of 15 days to one year tenor # The figure for the cash balances with RBI on Sunday is same as that of the previous day (Saturday). $ Includes refinance facilities extended by RBI As per the Press Release No. 2014-2015/1971 dated March 19, 2015 & As per the Press Release No. 2019-2020/1432 dated December 13, 2019 * Net liquidity is calculated as Repo+MSF+SLF-Reverse Repo. MUM JMF  JMF"
1576746087-3,https://timesofindia.indiatimes.com/business,"Tatas, Mistrys ready for next battle",https://timesofindia.indiatimes.com/business/india-business/tata-sons-to-move-sc-challenging-nclat-order-reinstating-mistry/articleshow/72878104.cms,"Tatas, Mistrys ready for next battle","NEW DELHI: Tata Sons on Wednesday said it would soon move the Supreme Court challenging the National Company Law Appellate Tribunal’s (NCLAT) order quashing removal of Cyrus Pallonji Mistry as executive chairman of Tata Sons in October 2016.




Senior advocate Abhishek Manu Singhvi told TOI on behalf of Tata Sons, “Though we are deeply disappointed by the NCLAT decision, we are going to take recourse to all legal processes, including moving the Supreme Court, to challenge its correctness.”
Recommended By Colombia


 
 



Indicating that there was no need to move the SC in a hurried manner as the NCLAT has suspended Mistry’s reinstatement for four weeks so as not to cause hindrance to the functioning of the company, Singhvi said, “The implementation of restoration of executive chairman’s post (to Mistry) has been suspended till about January 18. Our legal recourse, including seeking interim stay on the NCLAT decision, will be fully activated in the Supreme Court well before January 18.”



 
 



After the NCLAT pronounced its order, Singhvi had requested the bench headed by chairman Justice S J Mukhopadhaya for suspension of part of the judgment which ordered to replace the present executive chairman and reinstate Mistry as executive chairman and director of Tata Sons. 
Top CommentGive Mistry seat to sit and in a corner, By himself leave ASAPBala Raman


 
Cyrus Mistry’s removal as Tata Sons chairman illegal, reinstate him: NCLATThe National Company Law Appellate Tribunal (NCLAT) on Wednesday restored Cyrus Mistry as chairman of Tata Sons.  The direction of Mistry’s reinstatement will become operational after 4 weeks, giving Tata Sons time to move SC. The NCLAT said that Tata Sons’ move to become a private limited company from a deemed public company was unlawful & directed a reversal in its status. 



Partly acceding to the request, the NCLAT said, “With a view to ensure smooth functioning of the company, while we are not inclined to suspend the judgment pronounced today in its totality, but suspend the part of the judgment so far as it relates to replacement of the present ‘executive chairman’ and reinstatement of Mistry as ‘executive chairman’ of ‘Tata Sons Limited’ for a period of four weeks. Rest of the judgment and directions including the direction to reinstate Mistry as director of the company and directors of three Tata companies shall be complied forthwith.”"
1576746085-2,https://timesofindia.indiatimes.com/business,RBI defends its nod to Chanda Kochhar’s sacking,https://timesofindia.indiatimes.com/business/india-business/rbi-defends-its-nod-to-chanda-kochhars-sacking/articleshow/72877799.cms,RBI defends its nod to Chanda Kochhar’s sacking,"MUMBAI: The Reserve Bank of India on Wednesday informed Bombay high court that it acted according to law and that there is no violation of former ICICI Bank chief Chanda Kochhar’s fundamental rights by its approval of her termination from the lender. 




In its affidavit filed before a bench of Justices Ranjit More and S P Tavade, the RBI said it had acted based on statutory powers vested in it.
Recommended By Colombia


The decision is fair and not arbitrary and within jurisdiction and “in good faith after properly considering the request of the ICICI Bank”. “It is not the function of the RBI, while exercising such power, to micromanage the action of a bank and substitute commercial wisdom for that of the bank,’’ said the affidavit.
Top CommentAnd the government controlled by Sonia had awarded Chandabai the Padma Bhushan for defalcation in ICICI  Bank.Andrew


“While granting approvals, it is looking at the issue from a regulatory angle—like whether the termination is intended to defeat any legal or regulatory action and any adverse impact on interest of depositors and or the bank on the banking system,’’ said the RBI.



Kochhar’s counsel, however, argued that the RBI approval is invalid as it is post facto and argued that the HC can hear her plea on violation of her fundamental rights even though the termination is by a private bank, since the approval needed for it is based on the bank’s statutory duty."
1576746104-4,https://timesofindia.indiatimes.com/business,Compensation to states major friction point,https://timesofindia.indiatimes.com/business/india-business/compensation-to-states-major-friction-point/articleshow/72878127.cms,Compensation to states major friction point,"NEW DELHI: Compensation to states that are unable to register over 14% increase in GST collections during the year emerged as a key source of friction between the Centre and Opposition-ruled states with some of them claiming that the union government had indicated that it may not have sufficient resources to compensate states.




West Bengal finance minister Amit Mitra told reporters that the Centre’s estimate suggested that it may not be able to compensate states after February. While finance minister Nirmala Sitharaman said that the Centre was committed to cooperative federalism, Opposition-ruled states such as Kerala and Punjab suggested that there was no categorical assurance on payment of compensation.
Recommended By Colombia


“There is no gap within the Council. I don’t know if it exists anywhere. In the Council, and in the Rajya Sabha, I have explained in detail about how we remain committed to cooperative federalism, and also to keep up all other promises given on GST,” Sitharaman said.



As part of the “grand bargain” ahead of GST launch, the Centre had promised to compensate states for “revenue loss” for four years but the law clearly stipulates that the payment can only be made from the money collected through the levy of compensation cess. With collections slowing down, the cess on luxury and sin goods such as tobacco, soft drinks and cars is insufficient to meet the bill, especially when more states are staring at a “loss” due to a lower mop-up.



There have been suggestions that an increase in GST rates and slab re-organisation could help generate higher revenue and reduce the compensation bill. But the issue did not come up for discussion. Sitharaman said there was preliminary presentation on the discussions of a committee of officers. State governments, however, sought more data on how the implementation of GST had played out apart from the impact of technology on compliance, plugging leakages and expanding reach, which will now be prepared and shared.



“The rate enhancement or slab change at the moment would be a kneejerk reaction. States were of the view that first plug all the loopholes that are there in the system and improve compliance,” Delhi deputy chief minister Manish Sisodia said."
1576746141-8,https://timesofindia.indiatimes.com/business,Rupee slips 5 paise to 71.02 against US dollar in early trade,https://timesofindia.indiatimes.com/business/india-business/rupee-slips-5-paise-to-71-02-against-us-dollar-in-early-trade/articleshow/72879868.cms,Rupee slips 5 paise to 71.02 against US dollar in early trade,"Mumbai, Dec 19 () The rupee opened on a weak note and fell 5 paise to 71.02 against the US dollar in early trade on Thursday tracking cautious opening in domestic equities.  Forex traders said rupee is trading in a narrow range amid lack of cues on the domestic front.  Sustained foreign fund inflows and weakening of the US dollar vis-a-vis other currencies overseas supported the rupee, while muted opening in domestic equities weighed on the local unit.  At the Interbank Foreign Exchange, the rupee opened weak at 71.01 then fell to 71.02 against the US dollar, showing a decline of 5 paise over its previous closing.  The Indian rupee on Wednesday had closed at 70.97 against the US dollar.  Meanwhile, on the global front, Donald Trump has become the third President in US history to be impeached as the House of Representatives formally charged him with abuse of power and obstructing the Congress.  The House on Wednesday night impeached President Trump on two counts - abuse of power and obstructing the Congress.  Meanwhile, brent crude futures, the global oil benchmark, fell 0.02 per cent to USD 66.16 per barrel.  Foreign institutional investors (FIIs) remained net buyers in the capital markets, as they purchased shares worth Rs 1,836.81 crore on Wednesday, as per provisional data.  The dollar index, which gauges the greenback's strength against a basket of six currencies, fell by 0.07 per cent to 97.33.  Domestic bourses opened on a cautious note on Thursday with benchmark indices Sensex trading 53.46 points down at 41,505.11 and Nifty down by 16.15 points at 12,205.50.  The 10-year government bond yield was at 6.74 per cent in morning trade. DRR DRR"
1576746138-7,https://timesofindia.indiatimes.com/business,"Sensex, Nifty turn choppy on tepid global cues",https://timesofindia.indiatimes.com/business/india-business/sensex-nifty-turn-choppy-on-tepid-global-cues/articleshow/72879701.cms,"Sensex, Nifty turn choppy on tepid global cues","Mumbai, Dec 19 () Equity benchmarks Sensex and Nifty started on a choppy note on Thursday as global investors turned cautious over US President Donald Trump's impeachment. 
 Retreating from its record high, the 30-share BSE index was trading 24.89 points or 0.06 per cent lower at 41,533.68 in opening session. 
 Similarly, the broader NSE Nifty slipped 7.60 points or 0.06 per cent to 12,214.30. 
 Yes Bank was the top loser in the Sensex pack falling up to 2.46 per cent, followed by IndusInd Bank, ICICI Bank, Sun Pharma, HDFC, Tata Steel and Bharti Airtel. 
 On the other hand, M&M was the top gainer, rising up to 1.26 per cent. HCL Tech, Tata Motors, Asian Paints, TCS and HUL were also trading in the green. 
 In the previous session, the 30-share gauge settled 206.40 points, or 0.50 per cent, up at its all-time closing high of 41,558.57, and the Nifty advanced 56.65 points, or 0.47 per cent, to its record closing peak of 12,221.65. 
 According to traders, global investors turned cautious after US Donald Trump became the third President in US history to be impeached. 
 The House of Representatives formally charged him with abuse of power and obstructing the Congress, setting up a Senate trial next year that will decide whether he remains in office after three tumultuous years. 
 Meanwhile, on a net basis, foreign institutional investors bought equities worth Rs 1,836.81 crore, while domestic institutional investors sold shares worth Rs 1,267.57 crore on Wednesday, data available with stock exchange showed. 
 Bourses in Hong Kong, Shanghai, Tokyo and Seoul were trading on a negative note. Benchmarks on Wall Street ended flat on Wednesday. 
 Brent futures, the global oil benchmark, slipped 0.02 per cent to USD 66.16 per barrel.  Meanwhile, the rupee depreciated marginally to 70.98 against the US dollar in morning session. ANS ANS"
1576746123-6,https://timesofindia.indiatimes.com/business,"Infosys pays California $800,000 to settle visa case",https://timesofindia.indiatimes.com/business/india-business/infosys-pays-california-8-lakh-to-settle-visa-case/articleshow/72878135.cms,"Infosys pays California $800,000 to settle visa case","BENGALURU: Infosys has entered into an agreement with its former US employee Jay Palmer and California’s attorney general to settle a case that has been going on for over 13 years.


Infosys will pay California $800,000 (about Rs 6 crore) to resolve allegations that between 2006 and 2017, round 500 of its employees were working in the state on company-sponsored B-1 visas rather than H-1B visas. 


Recommended By Colombia
A press release on attorney general Xavier Becerra’s website said this misclassification resulted in Infosys avoiding California payroll taxes such as the unemployment insurance, disability insurance, and employment training taxes. H-1B visas also require employers to pay workers at the local prevailing wage.



Infosys, in a statement, said it has not admitted to any wrongdoing. The statement said: “The agreement—which notes that Infosys strongly disputes the allegations and in which Infosys admits no wrongdoing—will result in the case being dismissed with prejudice and was reached to avoid the time, expense, and distraction of protracted litigation on allegations dating back more than 13 years. Infosys maintains robust policies and procedures to ensure adherence with all applicable regulations and laws.”



In 2013, Infosys had entered into a $35-million settlement with the East Texas attorney’s office over similar charges.



Palmer, the whistleblower who had initially taken the matter to the California attorney general’s office, will receive 15% of the $800,000 settlement. In 2011, Palmer had even filed a case against the company alleging retaliation for reporting visa abuse.



The settlement agreement, a copy of which TOI has, says: “The state of California does not tax income or require payroll deductions for visitors to the state, such as those on B-1 visas, but it imposes payroll taxes for those working in the state, including those on H-1B visas. Whereas relator (reference to Palmer) alleged that, as a result of Infosys’s alleged fraud, Infosys failed to remit payroll taxes for its employees doing work in California on B-1 visas...The attorney general believes that there is an evidentiary basis for potential legal claims against Infosys as a result of the allegations set forth above.”



The press release on the Attorney General Becerra website, said, “Today’s settlement shows that attempting to evade California law doesn’t pay,” said Attorney General Becerra. “Infosys brought in workers on the wrong visas in order to underpay them and avoid paying taxes. With this settlement, California has been made whole.”



The settlement resolves the attorney general’s claims that Infosys’s conduct violated California laws, including the California False Claims Act and Unfair Competition Law. The California False Claims Act permits the attorney general to recover treble damages and civil penalties against any person who knowingly makes or uses a false or fraudulent statement to either obtain money from the state or avoid paying money owed to the state, it said."
1576746106-5,https://timesofindia.indiatimes.com/business,"Council votes for 1st time, to levy 28% GST on lotteries",https://timesofindia.indiatimes.com/business/india-business/council-votes-for-1st-time-to-levy-28-gst-on-lotteries/articleshow/72878132.cms,"Council votes for 1st time, to levy 28% GST on lotteries","NEW DELHI: For the first time in its history, the GST Council on Wednesday resorted to voting to decide on an issue. Following a 21-7 vote, the panel of ministers, headed by union finance minister Nirmala Sitharaman, settled for a 28% levy on all lotteries, while opting to study the need for revenue augmentation in detail.




“Every attempt was made to keep the tradition alive... Eventually, the Council was reminded that rules allow and tradition is not part of the rule book,” Sitharaman told reporters, while suggesting that one member insisted on a vote.
Recommended By Colombia


The other decisions were, however, taken through consensus, including the decision to exempt upfront amount for long-term lease of industrial or financial infrastructure plots by an entity with 20% or more government ownership. Currently, the exemption is available to an entity with majority government ownership. While this change will be effective January, the uniform levy on lotteries will be applicable from March.



Besides, the GST Council decided to tighten the norms for companies misusing tax refund or input tax credit provisions, while seeking to improve compliance. A onetime facility has been opened for entities that have not filed GSTR1 returns from July 2017 to November 2019 — the two-and-a-half years for which the tax regime has been in place — to submit their returns without paying penalty. Those who do not comply even during the special window, which will be open till January 10, will not be able to issue e-way bills required for moving goods valued at over Rs 50,000, revenue secretary Ajay Bhushan Pandey said. Officers will also be empowered to act against those who do not file the final return (GSTR 3B).



Similarly, the Council decided to restrict input tax credit to 10% of the eligible amount for an entity if its supplier does not upload relevant invoices detailing the payments made, against a 20% cap that was imposed just around two months ago. Further, the government has armed itself with powers to block fraudulently credited input tax credit.



The steps are part of measures to improve collections."
